id,image_link
62ed6dcd-574d-af4b-ec3e-a6dd61f4fcc0_0,https://mishka-modus.github.io/modus-catalog-images/maapilim/rosh15_8cfd21c28458.jpg?v=2
62ed6dcd-574d-af4b-ec3e-a6dd61f4fcc0_1,https://mishka-modus.github.io/modus-catalog-images/maapilim/rosh15_8cfd21c28458.jpg?v=2
60850948-c77e-2eb1-acf0-fbf844231e5c,https://mishka-modus.github.io/modus-catalog-images/maapilim/rosh15_fb2f2f5a85e4.jpg?v=2
6aa8de2f-6f89-9ffe-51d3-06ae89476858_0,https://mishka-modus.github.io/modus-catalog-images/maapilim/rosh15_459ab37a86e2.jpg?v=2
6aa8de2f-6f89-9ffe-51d3-06ae89476858_1,https://mishka-modus.github.io/modus-catalog-images/maapilim/rosh15_459ab37a86e2.jpg?v=2
9c7ac4dd-3002-6305-f75b-4657476f1f0c_0,https://mishka-modus.github.io/modus-catalog-images/maapilim/rosh15_9bf82f7f765d.jpg?v=2
9c7ac4dd-3002-6305-f75b-4657476f1f0c_1,https://mishka-modus.github.io/modus-catalog-images/maapilim/rosh15_9bf82f7f765d.jpg?v=2
3590a8be-8460-4fac-6853-9b95b4b9684b_0,https://mishka-modus.github.io/modus-catalog-images/maapilim/rosh15_4b610e20e2bd.jpg?v=2
3590a8be-8460-4fac-6853-9b95b4b9684b_1,https://mishka-modus.github.io/modus-catalog-images/maapilim/rosh15_4b610e20e2bd.jpg?v=2
54017124-8c94-feb8-e9bc-1cdb886814a0,https://mishka-modus.github.io/modus-catalog-images/maapilim/rosh15_9b6608904dd6.jpg?v=2
ef36f898-dd3a-6e1d-4df4-26a52494f9d5,https://mishka-modus.github.io/modus-catalog-images/maapilim/rosh15_51d645f39b87.jpg?v=2
cece29ec-74b9-1dbf-a1c1-f858d898a2a3,https://mishka-modus.github.io/modus-catalog-images/maapilim/rosh15_2f9035b06531.jpg?v=2
70968de7-251a-599a-c264-440adb43db51,https://mishka-modus.github.io/modus-catalog-images/maapilim/rosh15_be01e99cc2b3.jpg?v=2
18eb171f-8411-78b4-0ff8-71cff29afbef,https://mishka-modus.github.io/modus-catalog-images/maapilim/rosh15_b376b3a3d085.jpg?v=2
c6881f17-8422-94ae-9a2a-abdaa2470101,https://mishka-modus.github.io/modus-catalog-images/maapilim/rosh15_5dd4f7f29c7c.jpg?v=2
72f5c427-02ea-6284-007c-d054e8744c18_0,https://mishka-modus.github.io/modus-catalog-images/maapilim/rosh15_e381236db957.jpg?v=2
72f5c427-02ea-6284-007c-d054e8744c18_2,https://mishka-modus.github.io/modus-catalog-images/maapilim/rosh15_e381236db957.jpg?v=2
3a6941ad-826b-25bf-ea2e-39ed23f4d09c,https://mishka-modus.github.io/modus-catalog-images/maapilim/rosh15_18b6a7da9345.jpg?v=2
a68ca1d3-b9e2-4267-6181-1790820dc356,https://mishka-modus.github.io/modus-catalog-images/maapilim/rosh15_d925d105d6df.jpg?v=2
05a05fb1-5442-89da-3940-7ab03e6e7d37,https://mishka-modus.github.io/modus-catalog-images/maapilim/rosh15_7826f8a5d23a.jpg?v=2
1862907b-2bfe-a3c3-ea9f-6769cb1665ab,https://mishka-modus.github.io/modus-catalog-images/maapilim/rosh15_9a71302f90bb.jpg?v=2
fd3cb901-bad9-faa3-1300-6ea55aa130be,https://mishka-modus.github.io/modus-catalog-images/maapilim/rosh15_c39ba75d5dba.jpg?v=2
fa1cf82a-2cbc-d130-eef3-b19fc488dbed_0,https://mishka-modus.github.io/modus-catalog-images/maapilim/rosh15_3dbb25b9722e.jpg?v=2
fa1cf82a-2cbc-d130-eef3-b19fc488dbed_1,https://mishka-modus.github.io/modus-catalog-images/maapilim/rosh15_85fc7e92e5f7.jpg?v=2
ce3ee2df-ee18-f1ef-3edb-bbf795af55c5,https://mishka-modus.github.io/modus-catalog-images/maapilim/rosh15_aabc83cb1ffe.jpg?v=2
34cd2143-56da-8ef7-47cb-f97de367cf07,https://mishka-modus.github.io/modus-catalog-images/maapilim/rosh15_bd259a0ecfa7.jpg?v=2
62b83a15-07bd-7533-6afb-f64e6d680c12,https://mishka-modus.github.io/modus-catalog-images/maapilim/rosh15_7be4d6bfa485.jpg?v=2
6437b349-cc4b-5ecc-8b52-a8cb3d52edd9,https://mishka-modus.github.io/modus-catalog-images/maapilim/rosh15_5452a9f2f274.jpg?v=2
005bf5f9-2da6-a1bb-9886-dbd785591895,https://mishka-modus.github.io/modus-catalog-images/maapilim/rosh15_a0bc5c494496.jpg?v=2
a2ed4a4f-a585-519f-23c0-94479fd6902c,https://mishka-modus.github.io/modus-catalog-images/maapilim/rosh15_b0c6adcbf583.jpg?v=2
88aa0940-da98-5fc1-e548-95e19ead574f,https://mishka-modus.github.io/modus-catalog-images/maapilim/rosh15_8af75dc6f758.jpg?v=2
d26ba9d6-2533-40d3-10ed-b4a2fda57029,https://mishka-modus.github.io/modus-catalog-images/maapilim/rosh15_b200a83cc205.jpg?v=2
b9561a9b-897e-35e5-2fb1-ff3dd92e10b6,https://mishka-modus.github.io/modus-catalog-images/maapilim/rosh15_272664ad0f78.jpg?v=2
13ee12b8-ebb1-3c9d-cea2-3414bc6292cd,https://mishka-modus.github.io/modus-catalog-images/maapilim/rosh15_f968d4299e22.jpg?v=2
3abeb697-6f3c-c9ce-63f2-8fed034349e5,https://mishka-modus.github.io/modus-catalog-images/maapilim/rosh15_7afc38911d1b.jpg?v=2
7dd88d92-cc8c-bc05-fe87-ccd15648b939_0,https://mishka-modus.github.io/modus-catalog-images/maapilim/rosh15_21b877350648.jpg?v=2
7dd88d92-cc8c-bc05-fe87-ccd15648b939_1,https://mishka-modus.github.io/modus-catalog-images/maapilim/rosh15_21b877350648.jpg?v=2
061cf062-bec7-7acd-4f9f-80a52d88e09b,https://mishka-modus.github.io/modus-catalog-images/maapilim/rosh15_889fd846cc47.jpg?v=2
a911db60-2483-bd97-3043-c595b6c2978f,https://mishka-modus.github.io/modus-catalog-images/maapilim/rosh15_2e6ca4e00310.jpg?v=2
9d55facc-02ca-7eab-d060-1fcfc126f2ce,https://mishka-modus.github.io/modus-catalog-images/maapilim/rosh15_061ca70553e8.jpg?v=2
04bff625-bba7-225b-dfb4-f33d6e1cb15f,https://mishka-modus.github.io/modus-catalog-images/maapilim/rosh15_2978e8e0d72f.jpg?v=2
ce492d21-85bf-0457-c7af-b7f258565f38,https://mishka-modus.github.io/modus-catalog-images/maapilim/rosh15_3bed77e4ec65.jpg?v=2
32d2ae17-b960-f7e9-c287-782a47cfd3cd,https://mishka-modus.github.io/modus-catalog-images/maapilim/rosh15_24b97436b2c0.jpg?v=2
61c08006-bcb5-4904-1c67-23c684b8c33e,https://mishka-modus.github.io/modus-catalog-images/maapilim/rosh15_3073a31d5f04.jpg?v=2
09484d82-b733-e119-e4e6-65f4e6dbdc1c,https://mishka-modus.github.io/modus-catalog-images/maapilim/rosh15_ab82f90b1930.jpg?v=2
bf8e58f9-a454-0574-f343-d0360df08309,https://mishka-modus.github.io/modus-catalog-images/maapilim/rosh15_a58d11ffed42.jpg?v=2
eb794710-dfb4-67ee-be3a-07d01c543d58,https://mishka-modus.github.io/modus-catalog-images/maapilim/rosh15_648f4c795f70.jpg?v=2
aaa7b1a2-0a80-c5a0-f81a-5d46a323e2a2,https://mishka-modus.github.io/modus-catalog-images/maapilim/rosh15_2a386d994876.jpg?v=2
dd72c67a-6917-8ed1-ff16-cdc9c0d869e0,https://mishka-modus.github.io/modus-catalog-images/maapilim/rosh15_28f3445c5034.jpg?v=2
ba4292e8-a748-22b0-4e6a-1bc0cc4f26e2,https://mishka-modus.github.io/modus-catalog-images/maapilim/rosh15_eb8012164b27.jpg?v=2
734e96d5-7839-849a-8f0b-6287fe290cdb,https://mishka-modus.github.io/modus-catalog-images/maapilim/rosh15_faed0b1d269b.jpg?v=2
017ebdfb-d534-248d-88ee-ad7434cf53ec,https://mishka-modus.github.io/modus-catalog-images/maapilim/rosh15_bff56d34b9c6.jpg?v=2
5737ce96-c3a2-80be-2632-38e0c6b1c3db,https://mishka-modus.github.io/modus-catalog-images/maapilim/rosh15_928e240e4d62.jpg?v=2
75e6b0ec-ee76-39aa-41ee-ba82ded9ca94,https://mishka-modus.github.io/modus-catalog-images/maapilim/rosh15_53a089a3b75e.jpg?v=2
a3fa85d1-c342-76fa-751a-2426555e0822,https://mishka-modus.github.io/modus-catalog-images/maapilim/rosh15_27bf861745f5.jpg?v=2
b4bebfe5-695d-ed9b-a31f-d1b6eb4ee92b,https://mishka-modus.github.io/modus-catalog-images/maapilim/rosh15_ef5d64006aee.jpg?v=2
80d48e0d-1c91-847a-adda-0fe214f4a7fc,https://mishka-modus.github.io/modus-catalog-images/maapilim/rosh15_1def8f961395.jpg?v=2
a5ae980a-e5bb-765f-1d47-53007b34e6c7,https://mishka-modus.github.io/modus-catalog-images/maapilim/rosh15_51103764791d.jpg?v=2
0eb43981-5c1b-e7bb-9cbf-fb7973dced1e,https://mishka-modus.github.io/modus-catalog-images/maapilim/rosh15_395f3bc1d05d.jpg?v=2
ea7a14cd-4fdc-137f-9692-287ff8e11e4d,https://mishka-modus.github.io/modus-catalog-images/maapilim/rosh15_0b632caf2204.jpg?v=2
3f457be2-39fb-2566-1273-6bebeeae2ff0,https://mishka-modus.github.io/modus-catalog-images/maapilim/rosh15_67a22868f203.jpg?v=2
61b72b23-29d5-6aea-3bbc-9d509bbd63f6,https://mishka-modus.github.io/modus-catalog-images/maapilim/rosh15_c63ab6036b87.jpg?v=2
5e9d460c-76b5-ad65-da3e-1d4c8f103093,https://mishka-modus.github.io/modus-catalog-images/maapilim/rosh15_165007d0b36d.jpg?v=2
d335c4e7-0886-5e39-c741-77def7ba6ea9,https://mishka-modus.github.io/modus-catalog-images/maapilim/rosh15_f3c4c0e4404d.jpg?v=2
a33cf007-8442-808f-9b37-122f162ab45e,https://mishka-modus.github.io/modus-catalog-images/maapilim/rosh15_033fe01c784e.jpg?v=2
672bf46f-7c43-36a9-c0dd-73beb76a6a47,https://mishka-modus.github.io/modus-catalog-images/maapilim/rosh15_07111aef57ce.jpg?v=2
e4aea241-44de-d0a8-cc19-7820f635dd51,https://mishka-modus.github.io/modus-catalog-images/maapilim/rosh15_2d68e4095b00.jpg?v=2
13a20490-f4ff-c8a0-bd90-3283af3bb2a9,https://mishka-modus.github.io/modus-catalog-images/maapilim/rosh15_f4ee00aa5ca9.jpg?v=2
7dee7edc-8e1a-3d16-2704-c4a21f7a318c,https://mishka-modus.github.io/modus-catalog-images/maapilim/rosh15_cc688bca6d01.jpg?v=2
cc088b97-6e6e-bd78-fdf0-d16441941355,https://mishka-modus.github.io/modus-catalog-images/maapilim/rosh15_80979fc90967.jpg?v=2
fd77f0d4-dcc5-77ab-3eae-d1b33ae22e06,https://mishka-modus.github.io/modus-catalog-images/maapilim/rosh15_aee973306732.jpg?v=2
819e3271-332b-d0bf-9071-bbce3aa475cf,https://mishka-modus.github.io/modus-catalog-images/maapilim/rosh15_f49cb7465925.jpg?v=2
be718b20-ab64-aced-bd2c-d8093e1e22aa,https://mishka-modus.github.io/modus-catalog-images/maapilim/rosh15_a9536f0ba494.jpg?v=2
7c0fb452-7ae1-7cc9-abb7-ec6665002a7a,https://mishka-modus.github.io/modus-catalog-images/maapilim/rosh15_2ac3a553f713.jpg?v=2
245a3cc1-7c61-0735-124e-28a585b95fd0_0,https://mishka-modus.github.io/modus-catalog-images/maapilim/rosh15_ffa693b29854.jpg?v=2
245a3cc1-7c61-0735-124e-28a585b95fd0_1,https://mishka-modus.github.io/modus-catalog-images/maapilim/rosh15_725e90b401aa.jpg?v=2
5ca05839-2fd5-1722-7c94-f598a8c55d23,https://mishka-modus.github.io/modus-catalog-images/maapilim/rosh15_216459b2ce90.jpg?v=2
64903f99-4b6e-7031-b653-e40cd959e16d,https://mishka-modus.github.io/modus-catalog-images/maapilim/rosh15_6189c2113e9e.jpg?v=2
1c5a9116-5a84-2815-d9ea-ba7951658e5d,https://mishka-modus.github.io/modus-catalog-images/maapilim/rosh15_8d928dc188d4.jpg?v=2
332e1d40-9b2f-5c3a-be98-9c213a2d5a7f,https://mishka-modus.github.io/modus-catalog-images/maapilim/rosh15_c7c1fffaedfb.jpg?v=2
23864c44-a3bc-481a-7738-b765dcefe5d5,https://mishka-modus.github.io/modus-catalog-images/maapilim/rosh15_7138bfe303fa.jpg?v=2
12429fa4-9312-f9f4-fac7-b345797fc68e,https://mishka-modus.github.io/modus-catalog-images/maapilim/rosh15_095a8018b855.jpg?v=2
12f51542-2ef0-272f-9e48-1b2f9e74fb84,https://mishka-modus.github.io/modus-catalog-images/maapilim/rosh15_ab2d8b6c59b5.jpg?v=2
5ff7e61e-bdc8-8e83-30a9-0f67249c594b_0,https://mishka-modus.github.io/modus-catalog-images/maapilim/rosh15_2a4ffaa16036.jpg?v=2
947f6169-b9e8-7ade-fe5b-54691ef3e820,https://mishka-modus.github.io/modus-catalog-images/maapilim/rosh15_7e1b10dda1ad.jpg?v=2
365ac870-114c-dc6b-9803-767752bac3c9,https://mishka-modus.github.io/modus-catalog-images/maapilim/rosh15_ac2877b07249.jpg?v=2
7a435537-df59-eebf-e3dc-6e150dfb073c,https://mishka-modus.github.io/modus-catalog-images/maapilim/rosh15_2360422fc73f.jpg?v=2
739b25a9-0e0a-29ab-e30c-79bf56d3c014,https://mishka-modus.github.io/modus-catalog-images/maapilim/rosh15_967f399def12.jpg?v=2
808eb91e-07d8-01fe-eeaa-dee7490b921f,https://mishka-modus.github.io/modus-catalog-images/maapilim/rosh15_b93c679349d1.jpg?v=2
36eb9dd7-7e58-9644-9e43-1eb722cec03a,https://mishka-modus.github.io/modus-catalog-images/maapilim/rosh15_8c100bd6dcc5.jpg?v=2
53282fc5-975b-e3a9-11eb-4187106f105b,https://mishka-modus.github.io/modus-catalog-images/maapilim/rosh15_c53ea135fdda.jpg?v=2
e8d37b01-f54c-cd22-6429-486999e39744,https://mishka-modus.github.io/modus-catalog-images/maapilim/rosh15_10a2c1cadbec.jpg?v=2
8553d8e6-9dca-e7b7-b970-b4575fc33777,https://mishka-modus.github.io/modus-catalog-images/maapilim/rosh15_da670402f483.jpg?v=2
632f53cc-be95-7f15-e832-dff5981d38d5,https://mishka-modus.github.io/modus-catalog-images/maapilim/rosh15_2978e8e0d72f.jpg?v=2
e4352bfb-3de6-5fe6-ca6c-e98cfaa652ab,https://mishka-modus.github.io/modus-catalog-images/maapilim/rosh15_2c3fdc5ed504.jpg?v=2
8baa2d73-7c8c-df4f-3dfc-6bb1dd73d866,https://mishka-modus.github.io/modus-catalog-images/maapilim/rosh15_4ad5ff0a8047.jpg?v=2
44eb4f3f-0431-b9ad-f248-bf60b56f58c7,https://mishka-modus.github.io/modus-catalog-images/maapilim/rosh15_7e2ac975ba25.jpg?v=2
